{"cameraMode":{"drawMode":0,"name":"Shaded","section":"Shading Mode"},"sceneLighting":false,"audioPlay":false,"sceneViewState":{"m_AlwaysRefresh":false,"showFog":true,"showSkybox":false,"showFlares":true,"showImageEffects":true,"showParticleSystems":true,"showVisualEffectGraphs":true,"m_FxEnabled":true},"in2DMode":false,"pivot":{"x":-30.379859924316408,"y":-16.603910446166993,"z":-0.13981649279594422},"rotation":{"x":0.07592407613992691,"y":-0.00897365901619196,"z":0.0006831391365267336,"w":0.9970752596855164},"size":6.393468379974365,"orthographic":true}