{"cameraMode":{"drawMode":0,"name":"Shaded","section":"Shading Mode"},"sceneLighting":false,"audioPlay":false,"sceneViewState":{"m_AlwaysRefresh":false,"showFog":true,"showSkybox":false,"showFlares":true,"showImageEffects":true,"showParticleSystems":true,"showVisualEffectGraphs":true,"m_FxEnabled":true},"in2DMode":false,"pivot":{"x":26.595001220703126,"y":-16.709991455078126,"z":-0.009999990463256836},"rotation":{"x":0.06661225110292435,"y":0.10010629147291184,"z":-0.006717258132994175,"w":0.992723822593689},"size":22.9271240234375,"orthographic":true}